{"type":"Topology","transform":{"scale":[0.000018541680950045948,0.000015498086012164503],"translate":[-122.43274579499996,37.70755892100004]},"arcs":[[[2140,99],[27,7],[31,33],[31,27],[30,13],[76,6],[41,4],[43,16],[37,14],[42,9],[-3,6],[-42,37],[-33,45],[-4,31],[-9,40],[-26,56],[-77,114],[37,52],[68,-50],[64,83],[-170,116],[121,161],[105,-66],[91,118],[-40,33],[-57,28],[-46,31],[-9,14],[5,11],[30,8],[49,-22],[61,74],[12,0],[34,39],[81,-53],[-27,-35],[103,-72],[202,244],[-149,33],[83,108],[105,-62],[29,42],[100,-66],[-69,-99],[120,-55],[72,114],[67,88],[-99,66],[131,160],[5,-17],[43,-9],[9,11],[13,0],[45,-11],[34,22],[28,-16],[4,-6],[27,-18],[24,29],[122,-84],[-5,-7],[60,-41],[44,1],[18,-4],[2,13],[47,8],[56,-33],[-2,-19],[-169,-50],[-11,-7],[-2,-10],[14,-1],[15,-1],[196,54],[9,-23],[-111,-32],[-21,-16],[28,-2],[146,42],[8,-5],[-39,-159],[-11,-14],[-22,-5],[27,-88],[-192,-55],[-173,115],[-8,9],[-13,5],[-13,-3],[-6,-10],[6,-13],[156,-107],[-22,-28],[149,-107],[-57,-72],[105,-77],[-43,-58],[-152,104],[-48,-63],[68,-46],[-105,-132],[-18,14],[-13,-6],[-12,-23],[-5,-11],[-27,1],[-23,24],[-14,35],[-17,12],[-26,18],[-35,22],[-27,7],[-62,7],[-17,9],[-11,23],[-8,13],[-11,9],[-31,7],[-39,8],[-21,1],[-37,0],[-30,-5],[-34,3],[-17,10],[2,17],[-8,29],[-26,23],[-29,16],[-10,10],[0,21],[-8,20],[-3,25],[-4,34],[-6,38],[-5,16],[-7,13],[-12,10],[-9,5],[-1,22],[-7,16],[-9,17],[-9,8],[-15,-3],[-27,-7],[-28,-9],[-26,-7],[-17,-11],[-12,-12],[-2,-16],[0,-8],[-9,-10],[-17,-17],[-21,-17],[-13,-13],[-6,-15],[-13,-7],[-8,0],[-8,4],[-6,5],[-12,5],[-28,-19],[-49,-39],[-11,-17],[-13,-10],[-5,-15],[6,-22],[7,-14],[27,-14],[26,-14],[19,-14],[9,-12],[7,-14],[8,-13],[15,-3],[15,-2],[18,-4],[18,-11],[19,-8],[4,-11],[-7,-11],[0,-12],[9,-4],[13,-6],[16,0],[18,-9],[14,-5],[10,-12],[8,-6],[14,-4],[12,-4],[32,-20],[16,-13],[29,-16],[8,-11],[-1,-10],[-9,-25],[-25,-39],[-24,-40],[-32,-30],[-41,-44],[-24,-38],[-21,-31],[-9,-20],[-10,-14],[-13,-6],[-8,-20],[1,-22],[9,-17],[16,-9],[15,-10],[19,-15],[13,-15],[-3,-17],[16,-26],[17,-24],[22,-14],[17,3],[30,14],[14,12],[12,21],[6,16],[16,5],[19,-3],[23,-14],[19,-11],[17,-10],[11,-6],[5,-12],[-2,-12],[-7,-6],[-77,-11],[-99,-2],[-81,2],[-23,8],[-31,13],[-47,5],[-28,2],[-12,8],[-15,11],[-15,0],[-16,0],[-17,4],[-15,2],[-17,-1],[-16,3],[-16,2],[-36,15],[-20,15],[-29,14],[-19,-4],[-57,-36],[-32,-34],[-7,-9],[-8,-1],[-8,7],[-33,18],[-33,28],[-10,5],[-11,-3],[-24,-21],[-9,-3],[-45,33],[-12,2],[-68,-59],[-11,20]],[[29,6347],[1,-4],[-30,167],[58,45],[331,99],[261,52],[61,7],[500,-11],[229,-87],[289,-158],[123,-197],[391,-567],[328,-422],[40,-232],[134,-722],[25,-166],[119,-620],[-455,-31],[-290,-21],[-216,-15],[-277,-19],[-564,-41],[-1,22],[-593,-44],[-25,310],[-35,380],[-21,13],[-43,236],[86,353],[-155,73],[-101,602],[-91,539],[-79,459]],[[3520,7909],[2,-43],[12,5],[-1,12],[0,9],[6,1],[9,-21],[8,5],[-3,21],[8,0],[5,-17],[20,8],[-22,56],[10,9],[54,-116],[-22,-7],[-19,36],[-12,-6],[5,-20],[-11,-3],[-5,21],[-13,-8],[3,-17],[-5,-5],[-5,21],[-7,-2],[4,-36],[54,-91],[119,-212],[49,-91],[-7,-35],[61,-27],[7,-3],[-2,-6],[-5,-16],[-64,23],[-10,1],[-8,-29],[11,0],[64,-20],[-5,-15],[-75,21],[-10,-31],[75,-20],[-4,-16],[-85,15],[-5,-23],[-3,1],[7,-49],[-52,-32],[9,-13],[45,28],[1,-6],[-39,-24],[11,-12],[-9,-9],[-32,39],[-206,-106],[-107,-55],[2,-4],[181,-228],[459,167],[32,-32],[-38,-52],[-86,-77],[16,-64],[0,-20],[-32,-53],[-11,-18],[-35,-120],[-19,-67],[-223,27],[-47,5],[-27,13],[-265,205],[33,34],[27,226],[-20,38],[-395,717],[10,35],[21,75],[17,60],[17,62],[264,129],[243,-77],[70,-71]],[[2069,0],[-16,5],[-7,36],[-8,42],[-8,45],[-8,42],[-20,95],[-26,70],[-29,51],[-30,43],[-20,29],[-42,69],[-21,51],[-5,60],[-17,28],[-12,55],[-10,44],[-9,38],[-18,66],[-38,117],[-48,151],[-3,26],[-6,32],[-16,57],[-26,90],[-17,44],[-26,62],[-27,70],[-22,48],[-12,29],[-23,65],[-5,38],[6,50],[17,46],[21,39],[38,37],[59,47],[63,65],[33,32],[36,47],[140,187],[130,161],[55,80],[35,69],[40,88],[39,83],[22,60],[9,45],[2,47],[0,27],[187,26],[5,-56],[4,-82],[7,-122],[13,-171],[560,-386],[-115,-160],[82,-59],[41,-87],[-5,-84],[8,-105],[352,-239],[123,156],[390,-273],[-213,-63],[-97,-27],[-86,-24],[-118,-33],[-58,18],[-93,43],[-62,25],[-54,15],[-36,21],[-59,25],[-158,-198],[-352,-446],[35,-23],[61,-42],[53,-35],[35,-24],[-41,-60],[-78,-112],[-75,-100],[-7,1],[-18,-5],[-29,-10],[-27,-10],[-22,-7],[-19,-6],[-15,-2],[-19,-1],[-11,-1],[-20,-1],[-22,-2],[-14,-1],[-17,-3],[-20,-10],[-31,-29],[-37,-37],[-19,-21],[-37,-35],[-20,-20],[-22,-26]]],"objects":{"polysRTP":{"type":"GeometryCollection","geometries":[{"arcs":[[0]],"type":"Polygon","properties":{"id":881,"rtpId":"17-05-0027","title":"Hunters Point Shipyard and Candlestick Point Local Roads Phase 1","county":"San Francisco","agency":"San Francisco Dept of Public Works (SFDPW)","system":"Street/Highway Facility","inPDA":0,"inCOC":0,"inTPA":0,"featureTyp":"PY","constructi":"2015","projectOpe":"2034","totalCostY":"501","committedF":"487","mode":"Auto","discretion":"0","pre2017Fun":"14","mapStatus":"Mapped","strategy2":"Express Lanes (Expand) and Roadway Expansion","investment":"Expand"}},{"arcs":[[1]],"type":"Polygon","properties":{"id":956,"rtpId":"17-05-0029","title":"Downtown Value Pricing/Incentives - Pilot, Transit Service, Supportive Infrastructure","county":"San Francisco","agency":"San Francisco County Transportation Authority (SFCTA)","system":"Public Transit Facility","inPDA":0,"inCOC":0,"inTPA":0,"featureTyp":"PY","constructi":"2022","projectOpe":"2021","totalCostY":"876","committedF":"826","mode":"Transit","discretion":"50","pre2017Fun":"0","mapStatus":"Needs Review","strategy2":"Express Lanes (Conversions) and Pricing","investment":"Modernize"}},{"arcs":[[2]],"type":"Polygon","properties":{"id":926,"rtpId":"17-05-0030","title":"Treasure Island Mobility Management Program: Intermodal Terminal, Congestion Toll, Transit Service, Transit Capital","county":"San Francisco","agency":"San Francisco County Transportation Authority (SFCTA)","system":"Public Transit Facility","inPDA":0,"inCOC":0,"inTPA":0,"featureTyp":"PY","constructi":"2019","projectOpe":"2020","totalCostY":"974","committedF":"925","mode":"Transit","discretion":"49","pre2017Fun":"0","mapStatus":"Needs Review","strategy2":"Express Lanes (Conversions) and Pricing","investment":"Modernize"}},{"arcs":[[0]],"type":"Polygon","properties":{"id":925,"rtpId":"17-05-0031","title":"Southeast Waterfront Transportation Improvements - Phase 1","county":"San Francisco","agency":"San Francisco Dept of Public Works (SFDPW)","system":"Public Transit Facility","inPDA":0,"inCOC":0,"inTPA":0,"featureTyp":"PY","constructi":"2017","projectOpe":"2034","totalCostY":"406","committedF":"406","mode":"Transit","discretion":"0","pre2017Fun":"0","mapStatus":"Needs Review","strategy2":"Transit Efficiency and Service Improvements","investment":"Modernize"}},{"arcs":[[3]],"type":"Polygon","properties":{"id":778,"rtpId":"17-05-0031","title":"Southeast Waterfront Transportation Improvements - Phase 1","county":"San Francisco","agency":"San Francisco Dept of Public Works (SFDPW)","system":"Public Transit Facility","inPDA":1,"inCOC":1,"inTPA":1,"featureTyp":"PY","constructi":"2017","projectOpe":"2034","totalCostY":"406","committedF":"406","mode":"Transit","discretion":"0","pre2017Fun":"0","mapStatus":"Needs Review","strategy2":"Transit Efficiency and Service Improvements","investment":"Modernize"}}]}}}