{"type":"Topology","transform":{"scale":[0.000014288434989586625,0.000011172406388209814],"translate":[-122.40504499999997,37.70755892100004]},"arcs":[[[838,137],[35,9],[41,47],[40,38],[39,18],[98,8],[54,6],[55,21],[49,20],[54,12],[-4,8],[-54,52],[-44,63],[-5,42],[-12,56],[-34,77],[-99,159],[48,72],[88,-70],[84,115],[-221,162],[157,223],[136,-92],[118,164],[-52,45],[-73,40],[-61,42],[-11,20],[7,15],[38,11],[64,-31],[79,103],[16,1],[44,53],[105,-73],[-35,-49],[134,-99],[261,338],[-193,46],[108,150],[136,-87],[38,59],[130,-91],[-90,-138],[156,-77],[93,158],[87,123],[-128,92],[170,222],[7,-24],[55,-12],[12,14],[17,1],[58,-16],[45,31],[36,-23],[4,-7],[36,-26],[30,40],[160,-116],[-7,-10],[78,-57],[56,2],[23,-6],[4,18],[61,12],[72,-46],[-2,-27],[-220,-68],[-14,-11],[-3,-13],[19,-2],[19,-1],[254,74],[12,-31],[-144,-44],[-28,-23],[37,-3],[189,58],[11,-7],[-50,-220],[-15,-19],[-29,-8],[36,-121],[-250,-77],[-224,160],[-11,12],[-16,7],[-17,-4],[-7,-14],[7,-18],[203,-148],[-29,-40],[193,-148],[-73,-100],[136,-106],[-57,-81],[-196,145],[-64,-88],[89,-63],[-136,-183],[-24,18],[-16,-8],[-16,-31],[-7,-16],[-34,1],[-30,35],[-18,47],[-22,17],[-34,25],[-45,31],[-36,9],[-80,10],[-22,12],[-15,32],[-9,18],[-15,13],[-40,10],[-51,10],[-26,2],[-49,0],[-39,-6],[-44,3],[-22,15],[2,23],[-11,40],[-33,33],[-37,21],[-13,14],[0,29],[-11,28],[-3,35],[-6,47],[-8,52],[-7,22],[-9,18],[-15,14],[-12,8],[0,30],[-10,23],[-12,22],[-11,12],[-19,-4],[-36,-11],[-36,-11],[-33,-11],[-23,-15],[-15,-16],[-4,-22],[0,-12],[-10,-13],[-23,-24],[-27,-24],[-17,-17],[-8,-21],[-17,-10],[-9,0],[-11,5],[-8,8],[-16,6],[-36,-25],[-63,-55],[-14,-24],[-18,-13],[-6,-22],[7,-30],[10,-19],[35,-20],[33,-19],[25,-19],[12,-17],[8,-19],[11,-18],[19,-5],[21,-2],[23,-6],[23,-15],[24,-11],[5,-15],[-9,-15],[0,-18],[12,-5],[17,-8],[21,-1],[24,-12],[17,-7],[13,-16],[11,-9],[18,-5],[15,-6],[42,-27],[21,-19],[37,-22],[11,-15],[-1,-14],[-12,-34],[-33,-55],[-30,-56],[-42,-41],[-54,-60],[-31,-54],[-26,-42],[-12,-28],[-14,-20],[-16,-8],[-10,-28],[1,-31],[11,-23],[21,-13],[20,-13],[24,-21],[17,-20],[-4,-25],[21,-36],[22,-33],[28,-19],[22,4],[39,19],[19,17],[16,29],[7,22],[21,7],[24,-4],[30,-20],[25,-15],[22,-13],[14,-8],[7,-18],[-3,-16],[-9,-9],[-100,-15],[-128,-3],[-106,3],[-30,12],[-39,17],[-62,7],[-35,3],[-17,12],[-19,14],[-19,0],[-21,0],[-23,5],[-18,4],[-22,-1],[-22,4],[-20,2],[-47,21],[-26,21],[-37,20],[-25,-6],[-75,-50],[-40,-47],[-10,-13],[-10,-2],[-10,10],[-44,26],[-42,38],[-13,7],[-14,-3],[-31,-31],[-12,-3],[-58,45],[-16,4],[-89,-82],[-14,27]],[[746,0],[-21,7],[-9,50],[-10,58],[-11,63],[-10,58],[-26,132],[-33,97],[-39,71],[-38,59],[-26,41],[-55,95],[-27,71],[-6,83],[-22,39],[-16,75],[-13,63],[-11,51],[-24,92],[-49,163],[-63,210],[-4,35],[-7,45],[-21,79],[-34,125],[-22,61],[-33,86],[-36,97],[-27,66],[-16,40],[-31,90],[-6,54],[7,69],[23,64],[27,54],[49,51],[78,65],[81,90],[43,45],[46,65],[182,260],[169,222],[71,111],[46,97],[51,121],[51,116],[28,83],[12,62],[3,65],[0,38],[242,36],[7,-78],[5,-114],[9,-169],[16,-238],[728,-535],[-149,-222],[106,-81],[53,-120],[-6,-118],[10,-145],[456,-332],[160,217],[506,-379],[-276,-87],[-126,-38],[-111,-33],[-154,-46],[-75,26],[-120,59],[-81,35],[-69,20],[-47,30],[-78,34],[-204,-275],[-457,-618],[45,-33],[79,-57],[69,-50],[45,-32],[-53,-83],[-100,-156],[-97,-138],[-10,1],[-24,-7],[-37,-14],[-36,-13],[-28,-11],[-24,-8],[-20,-2],[-24,-2],[-14,-1],[-27,-2],[-29,-2],[-17,-1],[-23,-5],[-26,-14],[-40,-40],[-47,-52],[-26,-28],[-47,-50],[-26,-27],[-29,-36]]],"objects":{"rtpPolygons":{"type":"GeometryCollection","geometries":[{"type":null,"properties":{"projectId":"7964de20-36f1-11e5-a981-bbb720f44faa","rtpId":"17-05-0020","title":"HOV/HOT Lanes on U.S. 101 and I-280 in San Francisco","county":"San Francisco","agency":"San Francisco County Transportation Authority (SFCTA)","system":"Tolling","category":"Project","inPDA":0,"inCOC":0,"inTPA":0,"featureTyp":"PY-","constructi":"2019","projectOpe":"2020","totalCostY":"90","committedF":"","mode":"Auto","ESRI_OID":3}},{"arcs":[[0]],"type":"Polygon","properties":{"projectId":"0006f760-2694-11e5-9d02-c91ae502437b","rtpId":"17-05-0027","title":"Hunters Point Shipyard and Candlestick Point Local Roads Phase 1","county":"San Francisco","agency":"San Francisco Dept of Public Works (SFDPW)","system":"Local Road","category":"Project","inPDA":0,"inCOC":0,"inTPA":0,"featureTyp":"PY","constructi":"2015","projectOpe":"2034","totalCostY":"501","committedF":"","mode":"Auto","ESRI_OID":1}},{"type":null,"properties":{"projectId":"ff6ca8c0-250a-11e5-b74a-c3e11546862d","rtpId":"17-06-0024","title":"Reconstruct U.S. 101/Sierra Point Parkway interchange (includes extension of Lagoon Way to U.S. 101)","county":"San Mateo","agency":"Brisbane","system":"Highway","category":"Project","inPDA":0,"inCOC":0,"inTPA":0,"featureTyp":"PT","constructi":"2025","projectOpe":"2030","totalCostY":"17","committedF":"","mode":"Auto","ESRI_OID":4}},{"arcs":[[1]],"type":"Polygon","properties":{"projectId":"f2aadc80-2693-11e5-9d02-c91ae502437b","rtpId":"17-05-0031","title":"Southeast Waterfront Transportation Improvements - Phase 1","county":"San Francisco","agency":"San Francisco Dept of Public Works (SFDPW)","system":"Local Road","category":"Project","inPDA":1,"inCOC":1,"inTPA":1,"featureTyp":"PY","constructi":"2017","projectOpe":"2034","totalCostY":"406","committedF":"","mode":"Transit","ESRI_OID":2}}]}}}